迪希雅,https://patchwiki.biligame.com/images/ys/a/a1/kqir06kakeshn5gjmq3a7m32oqst1yt.gif,https://patchwiki.biligame.com/images/ys/8/89/h4l80uznfhouxfmae76i3cu0obsrvdh.gif,https://patchwiki.biligame.com/images/ys/1/14/9unjj0ve5av4pnoojng46bi2a8utxf8.gif
瑶瑶,https://patchwiki.biligame.com/images/ys/f/f8/ayx0r02jxu3yvamy6mv48op675fbwv0.gif,https://patchwiki.biligame.com/images/ys/d/d2/sl7vh9398oladtscd2etzpollhctt9m.gif,https://patchwiki.biligame.com/images/ys/2/21/912me3glhxhup40ttpwydjv6wqzxr2a.gif
艾尔海森,https://patchwiki.biligame.com/images/ys/c/cd/08mwe3rrvbq6rdto6lfrc0zsvrdhl1x.gif,https://patchwiki.biligame.com/images/ys/4/46/lygm15uerff6pv3x0t24p92ju8nyt9u.gif,https://patchwiki.biligame.com/images/ys/d/d1/t283s2zvlkq1av9o4w21du23zr6e9re.gif
流浪者,https://patchwiki.biligame.com/images/ys/b/b9/fxplkou1svc8q632lot9vne85gu9gdq.gif,https://patchwiki.biligame.com/images/ys/9/9e/qus80ikj7u7mokre21ac09tt2dche7z.gif,https://patchwiki.biligame.com/images/ys/2/21/eidms8tzsn8fk0unh27l6a69gdzpa42.gif
珐露珊,https://patchwiki.biligame.com/images/ys/9/97/7w6qtxx4cxin8bek9u1imyfswyu0o98.gif,https://patchwiki.biligame.com/images/ys/5/5b/5ya9dg3j08xe8aqx9cjphs4xsfs9hex.gif,https://patchwiki.biligame.com/images/ys/e/ed/kuhrb3wvskd4cw1ouuq7bxadd5xs3o1.gif
莱依拉,https://patchwiki.biligame.com/images/ys/0/0a/i81tl88b6uwbbqsc12fuklhuq9hewdd.gif,https://patchwiki.biligame.com/images/ys/5/5c/56pq6hj3wl4cxqv6xe6wg5mg8tavbcm.gif,https://patchwiki.biligame.com/images/ys/5/5a/kdnk5eiopqord440w82jljhtrmrcmoq.gif
纳西妲,https://patchwiki.biligame.com/images/ys/1/10/cny5k5rbwzrv408g21ush24fmavu7aj.gif,https://patchwiki.biligame.com/images/ys/6/61/rcquh3gocplinjc7xo00u9x4x3wjhbz.gif,https://patchwiki.biligame.com/images/ys/6/6e/9kmw43qviwa9inwrz8mkxrpk174dr6p.gif
妮露,https://patchwiki.biligame.com/images/ys/3/3b/cmgt5cjusyjgid9u4rkyqxucettv9f9.gif,https://patchwiki.biligame.com/images/ys/7/7b/equhud5dqzwiyrcj3mjcoq5besss801.gif,https://patchwiki.biligame.com/images/ys/a/a1/8xvcnpjdntr2ac0aoks241gfj77phw3.gif
坎蒂丝,https://patchwiki.biligame.com/images/ys/a/a8/dzt27psceklx4iy3bs9rzq2kp49su1a.gif,https://patchwiki.biligame.com/images/ys/4/41/1qb2kivt424cntuf3e2zge2rwuc1zji.gif,https://patchwiki.biligame.com/images/ys/e/e8/62zhx387356pzadd39akm3wnfzvy46a.gif
赛诺,https://patchwiki.biligame.com/images/ys/e/e9/5a0xpltxrjbusw8ph4irt4b42rfaib4.gif,https://patchwiki.biligame.com/images/ys/0/0c/fxj6chaq231d3xshwtdztc0rr1504pg.gif,https://patchwiki.biligame.com/images/ys/d/d5/j1e8sc02auaf30yhioy4i7zxap8ghcb.gif
多莉,https://patchwiki.biligame.com/images/ys/f/f0/gg3ygwvzp425njs849zfqobcmyqryx2.gif,https://patchwiki.biligame.com/images/ys/f/fe/jr9xrbpnbexey559qivmt7pcw90b37q.gif,https://patchwiki.biligame.com/images/ys/6/64/34zq2a7itaobfldwzcong9mr7n2a72n.gif
柯莱,https://patchwiki.biligame.com/images/ys/9/9d/r071xzhzjnmfkw0ukz40jyrlluuu900.gif,https://patchwiki.biligame.com/images/ys/7/78/jq4k7nulny11fxg9nunurb5j0py1y8j.gif,https://patchwiki.biligame.com/images/ys/7/72/m90ys3jcht3afmrlctmowptp7bsm6hq.gif
提纳里,https://patchwiki.biligame.com/images/ys/8/88/dzfsx3dcqex7neiaxn23qu5yzhw9ktg.gif,https://patchwiki.biligame.com/images/ys/5/5d/axryvrzo0kejwplh6dw3yui1t53y79s.gif,https://patchwiki.biligame.com/images/ys/1/1e/1ekrwg57ye6ch6grhl2fur1oonwni8t.gif
鹿野院平藏,https://patchwiki.biligame.com/images/ys/2/23/71unrnhglh2rmup30zteblq6xhmwns2.gif,https://patchwiki.biligame.com/images/ys/1/13/5o01vaei853tf3v9pn8tkczbnoa51st.gif,https://patchwiki.biligame.com/images/ys/4/40/7ci15jo2ogoe1mgr47vbn1enuyz0mb5.gif
久岐忍,https://patchwiki.biligame.com/images/ys/4/43/5xwl72f6oyyv4h4fj3rv5o21yduskzn.gif,https://patchwiki.biligame.com/images/ys/e/e9/fw3jf4je3nkggro2klz2e5i36530b41.gif,https://patchwiki.biligame.com/images/ys/3/33/s0rvl2v2bp5seeca0jcslnmvxukotxt.gif
夜兰,https://patchwiki.biligame.com/images/ys/e/e3/a9noptak7bvh4w6mdu1r7ha6hrqup29.gif,https://patchwiki.biligame.com/images/ys/0/01/49g0tusj5icr9hgnnrtuucey7o2pti9.gif,https://patchwiki.biligame.com/images/ys/9/90/gfwr6v94qqiaf2230ki5ci6tmcv0mqu.gif
神里绫人,https://patchwiki.biligame.com/images/ys/d/da/46h8sxoiu2chr4q2yl2r0pt3s01fis7.gif,https://patchwiki.biligame.com/images/ys/e/e8/ggy2qgtv6jxzyk7atj53y85wlnu1uvu.gif,https://patchwiki.biligame.com/images/ys/0/09/jf3bno00yv51evxj53hx793iuwxh5je.gif
八重神子,https://patchwiki.biligame.com/images/ys/e/ea/epjgz895fybnoh3eqh2gcrue30q7wlg.gif,https://patchwiki.biligame.com/images/ys/9/96/tgkzi9r9k3ozkx3pmol6j9mr81kbmft.gif,https://patchwiki.biligame.com/images/ys/5/5e/1bhtxhqwpu542xr1gquv2yskpm9c1da.gif
云堇,https://patchwiki.biligame.com/images/ys/5/5e/3blt1qzswxdyv7xhkrluq0dwje80207.gif,https://patchwiki.biligame.com/images/ys/7/77/jawe0ahboa5270yc50xfupufz5kw7yn.gif,https://patchwiki.biligame.com/images/ys/6/6b/n59t6np5xiu7364j3651ybh0czzrec5.gif
申鹤,https://patchwiki.biligame.com/images/ys/d/db/k2ua1vj9fj3ryfiltwbb2y4v4do60pv.gif,https://patchwiki.biligame.com/images/ys/3/30/3xbpemaqhh7whd072ztzqdiwolv91aj.gif,https://patchwiki.biligame.com/images/ys/4/44/oh3k86axxdeae8e5ma6956i4d1gk5ro.gif
荒泷一斗,https://patchwiki.biligame.com/images/ys/1/1a/tmyy3vnos5259wdi36bfvx19v4tfo2j.gif,https://patchwiki.biligame.com/images/ys/a/a2/6d40atjjweu1u35pqagqegeavuocf9p.gif,https://patchwiki.biligame.com/images/ys/d/d1/hnzal3fcg0a54xkswz9jcnhdgo0y6k3.gif
五郎,https://patchwiki.biligame.com/images/ys/5/53/sja9nmk6v3qbvuert0bcvtn30uau757.gif,https://patchwiki.biligame.com/images/ys/c/c2/pgbiqyi4suigmn73f8s5bf1cooq043w.gif,https://patchwiki.biligame.com/images/ys/c/c5/37jkowx29g2egatpjllapmb3uoa2n0b.gif
托马,https://patchwiki.biligame.com/images/ys/7/77/nbd8e6a104mwsrswjcewajlsbz25tqb.gif,https://patchwiki.biligame.com/images/ys/1/11/31k99savcr3n02x4jc6chat2xt6kwc0.gif,https://patchwiki.biligame.com/images/ys/d/d1/rgkflsdokgfx2680e8ioqrt3utcoxx6.gif
珊瑚宫心海,https://patchwiki.biligame.com/images/ys/1/10/7lp3y3rv7rjxrwod1pklrvtvb9jowkv.gif,https://patchwiki.biligame.com/images/ys/d/da/tttlz6my1gwt658f90ya85vuci8wk73.gif,https://patchwiki.biligame.com/images/ys/f/f9/rbn0ty6gci7p35467wpellqa82ktgw8.gif
埃洛伊,https://patchwiki.biligame.com/images/ys/8/87/cr8lrqn2u5ivppfrw61uwex5nramz0i.gif,https://patchwiki.biligame.com/images/ys/9/95/fa4gdf3977l62nenxk46jz1y83f3e5w.gif,https://patchwiki.biligame.com/images/ys/6/65/bao858ft6vdrqcpcug0xx3rr4j52sj4.gif
九条裟罗,https://patchwiki.biligame.com/images/ys/a/af/3r9eu978lvspfh7mpurzpxfde2m7e8k.gif,https://patchwiki.biligame.com/images/ys/8/86/46r0puc3s88c3rnaqd637zshhxe2tg8.gif,https://patchwiki.biligame.com/images/ys/2/2b/6e1mcwmr9wb875l7qxf9iv3sxpxarhw.gif
雷电将军,https://patchwiki.biligame.com/images/ys/a/a1/r3c1p10pjd9arsi8bgcgwzkzg7p9qlk.gif,https://patchwiki.biligame.com/images/ys/8/87/5ijwgmqaxtyokfeozpvcd9zmezy9exs.gif,https://patchwiki.biligame.com/images/ys/2/29/0i1orq5mthx591p0r211wb2ue3lta00.gif
宵宫,https://patchwiki.biligame.com/images/ys/e/e2/jm5ju5syba94kjxq9muccse2i92dz1c.gif,https://patchwiki.biligame.com/images/ys/8/83/jr11h5igz24spjwv7tjspuol35il9a4.gif,https://patchwiki.biligame.com/images/ys/9/93/2r7l8yu1965601qtruqm08ebiyx5wi5.gif
早柚,https://patchwiki.biligame.com/images/ys/0/06/rgy9z47ngxzq0flevg2bnhpbtw85vjc.gif,https://patchwiki.biligame.com/images/ys/7/73/3qchv0r36h3i2x6x96c81k7c6j8hhbs.gif,https://patchwiki.biligame.com/images/ys/0/0e/em8v03l9rvaecnhr0nrqxrie265xnnl.gif
神里绫华,https://patchwiki.biligame.com/images/ys/3/38/1z32mrh6ob8op1l82m6bl3hq4dnsl2d.gif,https://patchwiki.biligame.com/images/ys/7/79/beguzwgzzcezzo8pi8q0wi27w9td4cg.gif,https://patchwiki.biligame.com/images/ys/4/4c/myv58b5g7qhjtfzc1dzjwktkcjj1zs2.gif
枫原万叶,https://patchwiki.biligame.com/images/ys/5/58/etf5v5ci2zuvo25yvwcvgmco4d6nhny.gif,https://patchwiki.biligame.com/images/ys/5/5a/kpjzkfp5gl3fxqll0wlb3wujsigeb0c.gif,https://patchwiki.biligame.com/images/ys/2/22/3mginqvxk7smz1xz7fid765jl0vvwg9.gif
优菈,https://patchwiki.biligame.com/images/ys/4/43/m0751f2i0k13nwxdkomhqzvqzhcbm1g.gif,https://patchwiki.biligame.com/images/ys/8/86/h1h3szxmlof0v9xrdd1dejdv21bcbwg.gif,https://patchwiki.biligame.com/images/ys/a/af/alc5dt3dwu4qeftbhll7r9j7f0d2gwj.gif
烟绯,https://patchwiki.biligame.com/images/ys/5/5c/79srd1j50p1wg5unmboq9xsfu55r8fh.gif,https://patchwiki.biligame.com/images/ys/4/42/9rwie4umtpgcg2a3666a6r1awa5lult.gif,https://patchwiki.biligame.com/images/ys/d/d7/72stxz6sxs1qph6le7ufg6axry8a282.gif
罗莎莉亚,https://patchwiki.biligame.com/images/ys/f/fc/itjqdgxipvqve3y9qgtagly1fkcm6k3.gif,https://patchwiki.biligame.com/images/ys/4/45/fyioc4lok6c5q70dbd4tm7llkplss0b.gif,https://patchwiki.biligame.com/images/ys/2/2e/9r2bm54zyg770rp0qfspzydk4ugjuuy.gif
胡桃,https://patchwiki.biligame.com/images/ys/f/f4/ol30upg1sqqlq8mqu6gwwczbhi7oe1q.gif,https://patchwiki.biligame.com/images/ys/c/c3/qdwq0w7g9ks7vjp1xhevtwoabpmkyna.gif,https://patchwiki.biligame.com/images/ys/0/09/hmuey744t23wpk4ucvdmlpojhxvl1xa.gif
魈,https://patchwiki.biligame.com/images/ys/b/b6/8ixzfg4z1t5yfl6andkqmzdwxgbs338.gif,https://patchwiki.biligame.com/images/ys/0/03/sd3oxqx8funuk3ix69zg2uvw8hs1kan.gif,https://patchwiki.biligame.com/images/ys/e/e2/nikmi7axxyimrgdm0md76b1fc1089u1.gif
甘雨,https://patchwiki.biligame.com/images/ys/b/b9/lbhibuy0euqkbb5fmrzg4rkr7x17rup.gif,https://patchwiki.biligame.com/images/ys/6/63/2p60hz8c0mflc6swwb7x35xz6cxxe88.gif,https://patchwiki.biligame.com/images/ys/7/79/k5lt89fg241snzmsl8j5db2ydsff0ve.gif
阿贝多,https://patchwiki.biligame.com/images/ys/d/db/h9lzibr7ykkryz58yng1vnns9tyb0yl.gif,https://patchwiki.biligame.com/images/ys/9/96/q4mj5hml70npft9lpb6lxgxoexw7v6x.gif,https://patchwiki.biligame.com/images/ys/5/52/dolbkhd4e5z1p753dtdaahplmkuzpgs.gif
钟离,https://patchwiki.biligame.com/images/ys/9/98/0kidwhwx66lj2emzpwz0uzaqp7uajhp.gif,https://patchwiki.biligame.com/images/ys/0/0c/8kezscb9te217rpxx95khw6q12tahyt.gif,https://patchwiki.biligame.com/images/ys/2/23/57powj04rx33i74qhks004g7tzpmwl7.gif
辛焱,https://patchwiki.biligame.com/images/ys/b/b9/9ivu8yk0grtnqhu6wm3wsim97ujfu98.gif,https://patchwiki.biligame.com/images/ys/1/17/dg2jylcy4lzij5cfvgjorfocoaaowe8.gif,https://patchwiki.biligame.com/images/ys/d/df/03qr6nd96bsattnsb2puwzf5j6bkofy.gif
达达利亚,https://patchwiki.biligame.com/images/ys/8/8d/gcwqvavi9dcmflco714bd2rqpusxgb5.gif,https://patchwiki.biligame.com/images/ys/d/dd/ia8cdpafducdbfyo9dwopzfoqleygj4.gif,https://patchwiki.biligame.com/images/ys/6/64/g91gm3psmcay4t9mr1z4mnh91i1tbi0.gif
迪奥娜,https://patchwiki.biligame.com/images/ys/6/69/6bpbs26j9x465wme91bfvgv7vrbqw5j.gif,https://patchwiki.biligame.com/images/ys/d/db/dbdqcjh5himo01rrld904sdj6sbf9el.gif,https://patchwiki.biligame.com/images/ys/0/06/i51llv5lsaoxp7hs4ns9f2ygey71k4o.gif
可莉,https://patchwiki.biligame.com/images/ys/b/b3/1n67es2acm758rp82myh9wmonj95ab5.gif,https://patchwiki.biligame.com/images/ys/2/23/ao2j49g6whf6gd02f49qv3mvzq8v0tv.gif,https://patchwiki.biligame.com/images/ys/2/2c/8wqzfg58ie7075it0l2dqneqi9l70q3.gif
温迪,https://patchwiki.biligame.com/images/ys/1/10/5k3zbtpozo2uyyd6fqt36pv89an6xl0.gif,https://patchwiki.biligame.com/images/ys/3/34/165d4rc7e7ruxka6cg4c29iv5ro4izj.gif,https://patchwiki.biligame.com/images/ys/4/4f/cvf705hgzxerxbu67j9zhg5dj0ysiud.gif
凝光,https://patchwiki.biligame.com/images/ys/5/5e/n3ezj17gb6b40x62yhc6h3lrn5i6s1o.gif,https://patchwiki.biligame.com/images/ys/a/a8/4u3v2v9b71uyab5amlbeyf9dyrzpkzq.gif,https://patchwiki.biligame.com/images/ys/1/1c/j8ub8ckd40a33kg3u0k12l0xg3vpo9q.gif
安柏,https://patchwiki.biligame.com/images/ys/7/7b/5ggbbnewnxw8zrse07e3exxka068f2z.gif,https://patchwiki.biligame.com/images/ys/8/81/8rnfmla2r3hv9ubuk3a3siplx789z4s.gif,https://patchwiki.biligame.com/images/ys/a/af/10c4oidgqxyisqt540191nq01ys1ifn.gif
菲谢尔,https://patchwiki.biligame.com/images/ys/2/2a/2ytywj3yvfhkfvoz45bdqikzvmwjwnr.gif,https://patchwiki.biligame.com/images/ys/7/7e/o7o1qric1mmguulunc12r1qkz4y8m9y.gif,https://patchwiki.biligame.com/images/ys/d/d1/lt9uosrizzyr27ucnpyloaunpzqk64k.gif
砂糖,https://patchwiki.biligame.com/images/ys/d/d5/n1sk443gx302c9nq9r2qnmrocyjh482.gif,https://patchwiki.biligame.com/images/ys/7/76/qzkivwkuki4a4ujrl475yjfwehgwr28.gif,https://patchwiki.biligame.com/images/ys/6/69/9d19qmvukihm7oljntdzj1xpo1zjahp.gif
丽莎,https://patchwiki.biligame.com/images/ys/e/e0/sqpboz2mbg2gemd33mtfxy4cgcav5ub.gif,https://patchwiki.biligame.com/images/ys/e/ef/9x1mcadxpx1lohm6zcd0roidx56nbml.gif,https://patchwiki.biligame.com/images/ys/1/1f/934bcb0elv0rc43sal7g6x3816j6g7r.gif
诺艾尔,https://patchwiki.biligame.com/images/ys/3/32/gq1pt91jt0w61t00x2t9wsa7pn37k3l.gif,https://patchwiki.biligame.com/images/ys/3/33/47rrcrjqt4o7pbcuwhrlbw7a3lo70m2.gif,https://patchwiki.biligame.com/images/ys/d/dd/rob4i35wmxkach6xxk4l36gdnqghjfu.gif
莫娜,https://patchwiki.biligame.com/images/ys/7/7e/7fygfp3rxpb7lqc51l9xl7a8ragpa9m.gif,https://patchwiki.biligame.com/images/ys/1/1f/kpxwlqwj0dqwb2xx4cfv1g1n1o8k6gg.gif,https://patchwiki.biligame.com/images/ys/f/f2/9whm6c356ejobq2pisuftyk0cuow9ny.gif
凯亚,https://patchwiki.biligame.com/images/ys/a/a8/5j0njlyb8xtog0vc26z6nebnfqdinah.gif,https://patchwiki.biligame.com/images/ys/c/c4/o69jmuht3v4ygbxjawxchv6f9axb8gz.gif,https://patchwiki.biligame.com/images/ys/b/b2/h8aj63ga7jd1v26tak6b5c8c81feil8.gif
班尼特,https://patchwiki.biligame.com/images/ys/c/c5/hbuay6l69sy0juedtbsy3nwl8460zn8.gif,https://patchwiki.biligame.com/images/ys/e/e7/e28kvq7dj1otpy3ywhwvdzqe0w074rl.gif,https://patchwiki.biligame.com/images/ys/a/aa/9ujkhb8p7c3c1fv3hn0mdqnfhd4jdsn.gif
刻晴,https://patchwiki.biligame.com/images/ys/b/bf/mpp5f11vf9g3mbhd1vuppgxhcdyzw7j.gif,https://patchwiki.biligame.com/images/ys/2/2a/58sr6ll6pu6dhtv43ycyx4pcpa59lsv.gif,https://patchwiki.biligame.com/images/ys/1/11/aabtv3d7jixirkngwc39xdsvufcqtta.gif
芭芭拉,https://patchwiki.biligame.com/images/ys/c/c8/601hjc3oc8lsm307s4xw6xksxn6h0ok.gif,https://patchwiki.biligame.com/images/ys/2/2e/bko3xg4gptlb8izev30r75phacihcdy.gif,https://patchwiki.biligame.com/images/ys/d/d0/q242moy1s7my185ayuuehtbxllivore.gif
重云,https://patchwiki.biligame.com/images/ys/9/9f/p3oh7rggbtrfuf6syyh0g4dltwm7g2u.gif,https://patchwiki.biligame.com/images/ys/8/85/q10lll5x3fz7tk9xt2zofzqsqo3oj5x.gif,https://patchwiki.biligame.com/images/ys/3/3e/t82685ouqpa6cb8zu7o84dg3v0h98ca.gif
北斗,https://patchwiki.biligame.com/images/ys/1/1c/18x4tc6i2ae5em7mm3pz79reu5tlakm.gif,https://patchwiki.biligame.com/images/ys/c/c9/jda30d3uthva51guilmim9ncnslyqhw.gif,https://patchwiki.biligame.com/images/ys/1/14/mbuznxmiicpyb1rqhzrvrqs9u5pspqz.gif
七七,https://patchwiki.biligame.com/images/ys/d/d7/g5lcjs197b7z4c8mi9k24ng86mcxnkz.gif,https://patchwiki.biligame.com/images/ys/9/94/7o0sjc7y60fo0ehjjeqylay0v6myj60.gif,https://patchwiki.biligame.com/images/ys/6/6d/261bfyc9th0uougzwbpefd3hujcoys6.gif
迪卢克,https://patchwiki.biligame.com/images/ys/3/37/b8y60s3zofulwruw2piwfop6yuq8jgp.gif,https://patchwiki.biligame.com/images/ys/f/fd/9k6monjeqysbryxi5096wymot1k2e17.gif,https://patchwiki.biligame.com/images/ys/b/b1/dmom3c8l9060fdbhgvo7py47v2p5l6d.gif
香菱,https://patchwiki.biligame.com/images/ys/7/78/l5lze96xe5d6j4nifesgv5wpxs4mtuc.gif,https://patchwiki.biligame.com/images/ys/a/a1/n0ltyqk4pzcnsn3fv9olo6vha0irf1i.gif,https://patchwiki.biligame.com/images/ys/1/14/gmu0qnr6r2u7g5bvrnwp2ec4ziu63u3.gif
琴,https://patchwiki.biligame.com/images/ys/7/7f/o5bqqu7eyfe345slga7jz6e4yjcljon.gif,https://patchwiki.biligame.com/images/ys/5/57/i9b8k2vgptxp3928cgzp4xcvawy4f04.gif,https://patchwiki.biligame.com/images/ys/f/f7/17zost7gosmdxahvcx2y4ric27p8ek6.gif
行秋,https://patchwiki.biligame.com/images/ys/8/8e/kncjm11x2kg79d39a3ullxrs55iwnx8.gif,https://patchwiki.biligame.com/images/ys/0/0f/re66ogiz5bswtk0zu2hzbegxohug89y.gif,https://patchwiki.biligame.com/images/ys/4/43/krzh15y3a41gubkwuhkwo76t7f6pubz.gif
雷泽,https://patchwiki.biligame.com/images/ys/1/12/ogmpicvbm66o7zjzct8qcr1va1zdh2y.gif,https://patchwiki.biligame.com/images/ys/8/81/f4te2bw0cz5uztch4lmipxsnruvx8gm.gif,https://patchwiki.biligame.com/images/ys/3/37/36k46koxvei3zg9zbf5d3o18k5ncrsu.gif
米卡,https://patchwiki.biligame.com/images/ys/1/16/qt16gq1g2452110ivug1y5t1t0yw0p4.gif,https://patchwiki.biligame.com/images/ys/3/3c/rj6m42z5p36gp5hd0507pjv14039uzj.gif,https://patchwiki.biligame.com/images/ys/7/72/rugo0w7awu48njowz6n14zb4w7jj8ww.gif
白术,https://patchwiki.biligame.com/images/ys/8/81/94wnnpsh19w44ku5jo1hr0pbw6vm3g6.gif,https://patchwiki.biligame.com/images/ys/b/b6/ria0nx8ob1dx98ydeq3nvuybyyt87ty.gif,https://patchwiki.biligame.com/images/ys/d/d6/lym6sv19m31225xg9g31d9qh8icd867.gif
卡维,https://patchwiki.biligame.com/images/ys/3/3b/3f93s26azg5tbi6h6b6d6lrlgwakhbj.gif,https://patchwiki.biligame.com/images/ys/f/ff/5e3qfrsslo30a0om08hlgua9eggwe1i.gif,https://patchwiki.biligame.com/images/ys/5/56/qdan94hjgz6y4jh7gtweskgx0zmb36h.gif
绮良良,https://patchwiki.biligame.com/images/ys/7/74/9lrr97nuk8v73xl6n5wv63j2r6uc90z.gif,https://patchwiki.biligame.com/images/ys/b/b3/fmkz0t75qoeybayrra2fftub09cfxkf.gif,https://patchwiki.biligame.com/images/ys/a/ae/qhdgggrli2gxymueqf3s4roaju4loyc.gif
莱欧斯利,https://patchwiki.biligame.com/images/ys/1/1f/1k6bdyfpnxme9t8zv25ouvju1azq51j.gif,https://patchwiki.biligame.com/images/ys/1/1f/1k6bdyfpnxme9t8zv25ouvju1azq51j.gif,https://patchwiki.biligame.com/images/ys/1/1f/1k6bdyfpnxme9t8zv25ouvju1azq51j.gif
那维莱特,https://patchwiki.biligame.com/images/ys/7/70/fsv4kb69lcbnpwv20pjikrnmzcy6xlm.gif,https://patchwiki.biligame.com/images/ys/4/4f/01szp35r8bzm7g34lzc8227f1d0utff.gif,https://patchwiki.biligame.com/images/ys/4/4f/01szp35r8bzm7g34lzc8227f1d0utff.gif
菲米尼,https://patchwiki.biligame.com/images/ys/e/e7/pd3uqrwf8zf0tkljp44qxacnafksjuz.gif,https://patchwiki.biligame.com/images/ys/d/dc/dkanyoodo30vngfokc9n80volbk5i36.gif,https://patchwiki.biligame.com/images/ys/7/7c/a0hya35dpx7fk12q4jwuc72ux6358d6.gif
林尼,https://patchwiki.biligame.com/images/ys/1/1e/q1wzx6xy5jjyvuhk6r9ejsavwpkp0oe.gif,https://patchwiki.biligame.com/images/ys/b/b5/qnhh7z1qxvx7q1iza457g2ksdkmai2b.gif,https://patchwiki.biligame.com/images/ys/e/e9/jgqyg9gpqh0bzhorwzchfdt4rckk4mn.gif
琳妮特,https://patchwiki.biligame.com/images/ys/e/e1/jyhqx4ivhu7fx4nyn24bdlefycpp480.gif,https://patchwiki.biligame.com/images/ys/c/ca/i3f7q32dqfyovmjbglodggnb9unt4xc.gif,https://patchwiki.biligame.com/images/ys/b/be/ck2as7svfewemywu8m8luewzstzp8to.gif
夏洛蒂,https://patchwiki.biligame.com/images/ys/9/9c/sj53qjgq2qs8f5aidwn9alf5ayb4ljn.gif,https://patchwiki.biligame.com/images/ys/9/9e/ngm0x1fnsawbb5qhi6brjf3oi9ry42q.gif,https://patchwiki.biligame.com/images/ys/a/a4/g5u3d8u24akp53sjsauzk7zoui992u0.gif
芙宁娜,https://patchwiki.biligame.com/images/ys/6/6c/2i9a6v6m8tldccqbpzykgr9nmdx7aa5.gif,https://patchwiki.biligame.com/images/ys/e/ef/4534t0gh49qw8dqhkgp3wh0o74r9o6t.gif,https://patchwiki.biligame.com/images/ys/7/7d/p14ea5hew8jo7u6lg7h3dyh3qw71t54.gif